Sample,X,Y,Z
0,1.2625,0.0173,0.2341
1,0.8748,-0.0254,-0.1665
2,0.8960,-0.1787,-0.0037
3,1.3611,0.1421,0.0376
4,0.8914,-0.2620,-0.0532
5,1.1013,0.0918,-0.0117
6,1.1245,-0.1875,0.1614
7,1.0034,-0.0686,-0.1177
8,1.0249,-0.0193,0.0212
9,1.0935,0.1179,0.0110
10,1.0327,-0.0981,0.0454
11,1.0435,0.1326,0.0151
12,0.9148,-0.1704,0.0886
13,1.1138,0.1985,0.0750
14,0.9165,0.0117,0.0063
15,0.8933,0.0227,-0.0383
16,1.1665,0.0132,0.0940
17,0.9221,0.0979,-0.1519
18,0.9888,-0.1323,0.0525
19,1.1794,0.1570,0.0181
20,0.8420,-0.0107,-0.1887
21,1.0845,0.0591,0.0144
22,1.0906,0.0449,0.0417
23,0.8882,-0.0212,-0.0916
24,1.0425,-0.1377,0.1047
25,1.0974,0.1982,0.1226
26,0.7905,-0.2163,-0.0222
27,1.1345,0.0273,0.1421
28,1.0493,-0.0632,0.0874
29,0.9148,-0.0618,-0.0742
30,1.2046,0.0161,0.0549
31,1.0339,-0.0173,0.0554
32,0.9021,-0.1189,-0.0479
33,1.2397,0.0466,0.0198
34,0.9871,-0.0298,-0.0291
35,0.9175,0.0010,0.0020
36,1.1687,-0.0640,0.0901
37,0.9744,0.0596,0.0933
38,0.8394,-0.1482,-0.0881
39,1.1274,0.0603,-0.0383
40,0.9771,0.1292,-0.0508
41,0.7712,-0.0837,-0.0347
42,1.2175,0.1138,0.0242
43,0.9070,0.0471,0.0088
44,0.8987,-0.0352,-0.1636
45,1.2788,0.1426,0.0591
46,0.9333,0.0415,0.0825
47,0.8315,-0.1133,-0.0667
48,1.2983,0.2458,0.0645
49,0.8618,-0.0532,0.0320
50,0.9561,-0.1838,-0.0725
51,1.2019,0.2607,0.0027
52,0.8357,-0.3174,0.1423
53,0.9956,0.0989,-0.1096
54,1.0969,0.0605,0.0347
55,0.9446,-0.1748,0.0811
56,1.0994,0.0134,-0.0208
57,1.0935,-0.0220,0.0298
58,0.9871,-0.0146,-0.0754
59,1.1069,0.0127,-0.0696
60,1.0398,-0.1040,0.0132
61,1.1375,0.0452,0.1104
62,0.9172,-0.0674,-0.0640
63,1.0317,-0.0620,0.0615
64,1.0024,0.0005,0.0261
65,1.0369,-0.0449,0.0098
66,1.0554,0.1289,0.0537
67,0.9946,-0.1091,0.1724
68,0.9226,0.0598,-0.0547
69,1.0339,-0.0066,0.0020
70,1.2175,0.0972,0.1772
71,0.9106,0.0955,-0.1189
72,1.0015,-0.1558,-0.0042
73,1.1235,0.0808,0.0706
74,0.9265,0.1116,-0.1062
75,1.0300,-0.0249,0.0828
76,1.0825,-0.0295,0.1050
77,0.8445,-0.1555,0.0103
78,1.0757,-0.0051,-0.0105
79,1.1482,0.1685,0.0701
80,0.8152,-0.1243,0.0085
81,1.0142,-0.0447,-0.0510
82,1.0962,0.0049,0.1763
83,0.9373,-0.0933,-0.1560
84,1.0828,0.0435,0.0769
85,1.0632,0.0283,-0.0449
86,0.9263,-0.2402,-0.0820
87,1.2046,0.1514,0.0562
88,0.8962,-0.0247,-0.0645
89,1.0107,-0.2183,0.0637
90,1.1326,0.1597,-0.0220
91,0.8555,-0.1616,-0.0627
92,1.0984,0.1074,0.0420
93,1.0349,-0.0381,0.0557
94,0.8074,-0.0491,-0.1616
95,1.2537,0.0254,0.1748
96,0.9958,0.1060,0.0430
97,0.8608,-0.1230,-0.0974
98,1.1108,0.1506,0.0208
99,1.0632,-0.0745,0.0173
100,0.8696,0.0244,-0.0540
101,1.1580,0.0784,0.0227
102,1.0544,-0.0605,0.0613
103,0.9324,0.0808,-0.0022
104,1.0474,-0.0720,0.1172
105,1.0327,-0.0198,0.0767
106,0.9517,-0.0229,0.1008
107,0.9597,-0.1152,0.0347
108,1.1938,0.0974,0.0569
109,0.9917,-0.1067,0.0105
110,1.0671,-0.0291,0.0107
111,1.0923,0.0813,0.0151
112,0.8862,-0.1677,-0.0518
113,1.0786,0.0508,-0.0747
114,1.1572,-0.0408,0.1313
115,1.0613,-0.1289,-0.0222
116,1.1433,0.0588,-0.0244
117,1.0642,-0.0349,0.0371
118,0.9373,-0.0422,0.0942
119,0.9678,0.0400,-0.1072
120,1.0220,-0.1179,0.0559
121,1.0662,0.0881,-0.1079
122,1.0015,-0.0459,0.0591
123,1.1172,0.0593,0.1050
124,0.8679,0.0127,-0.1968
125,1.0181,-0.1265,-0.0381
126,1.1538,0.1436,0.0562
127,0.9138,-0.0149,-0.0613
128,1.0132,0.0239,0.0342
129,1.0337,-0.0596,-0.0156
130,0.9451,0.0234,-0.1091
131,1.0366,-0.0156,0.0688
132,1.0271,0.0361,0.0642
133,0.9509,-0.0488,-0.0674
134,1.0203,0.0562,0.0703
135,1.0330,-0.0137,0.1140
136,0.9878,-0.1548,-0.0247
137,1.0176,0.0818,0.0312
138,1.0164,-0.0083,-0.0876
139,1.1401,-0.0566,0.1846
140,1.0425,0.1658,-0.1250
141,0.8386,-0.2524,-0.0476
142,1.2263,0.0503,0.1406
143,0.8665,-0.0439,-0.1062
144,1.0134,-0.0618,-0.0620
145,1.1743,0.0847,0.1396
146,0.8865,-0.0413,-0.1660
147,0.9517,-0.0874,0.0371
148,1.1462,0.2156,0.1306
149,0.6831,-0.2466,-0.1565
150,1.2332,0.0828,0.0603
151,1.0815,0.0864,0.0706
152,0.8198,-0.0278,-0.1960
153,1.1499,0.1038,0.0835
154,0.9146,-0.0557,-0.0398
155,0.9087,-0.0750,-0.0459
156,1.2341,0.1375,0.1038
157,0.9390,-0.0818,0.0269
158,0.9302,-0.1113,-0.0820
159,1.1926,0.1855,0.0842
160,0.8247,-0.0352,-0.0056
161,0.9780,-0.0449,0.0552
162,1.0620,0.0259,0.0601
163,0.9607,-0.0337,-0.0676
164,1.1177,0.0613,-0.0466
165,1.0261,-0.0430,0.1057
166,0.9250,-0.0742,-0.0046
167,1.0291,0.0383,-0.1123
168,1.1140,0.0229,0.0359
169,1.0066,-0.0413,0.0347
170,1.0183,-0.0596,-0.0928
171,1.0854,0.0037,0.0303
172,1.0356,-0.0298,0.2324
173,1.0151,0.0430,-0.0740
174,1.0662,0.0120,0.1091
175,0.9495,-0.0969,0.0388
176,0.9751,0.0244,-0.0486
177,1.0776,0.1208,0.0596
178,0.9653,-0.1011,0.0327
179,1.0681,0.0247,-0.0139
180,1.0386,0.0312,-0.0132
181,0.9351,-0.1421,0.0305
182,1.1023,0.0449,-0.0537
183,1.0281,0.1353,0.0261
184,0.8806,-0.0896,-0.1626
185,1.1284,-0.0405,0.0229
186,1.0017,0.1064,-0.1104
187,0.8552,-0.0916,0.0007
188,1.1450,0.0901,0.0527
189,0.8928,-0.1145,-0.1140
190,0.9604,0.0918,-0.0220
191,1.1099,-0.0063,0.1331
192,0.9207,0.0322,-0.1179
193,0.9966,-0.1436,-0.0259
194,1.1335,0.1062,0.1379
195,0.9575,-0.0310,-0.1531
196,1.0378,-0.0862,0.0012
197,1.1531,0.1282,0.0642
198,0.9468,-0.1099,0.0381
199,1.0903,0.0229,0.0059
200,0.9890,-0.0271,0.0754
201,0.9900,-0.1658,0.0342
202,1.1277,0.1311,0.0186
203,0.9614,0.0010,0.0181
204,1.0115,-0.1191,0.0190
205,1.1062,0.0879,-0.0083
206,0.9509,-0.0920,-0.0105
207,1.0427,0.0664,0.0405
208,1.0808,0.0249,-0.0471
209,0.9136,-0.1489,0.0449
210,1.1199,0.1050,-0.0486
211,1.0532,0.0425,0.1567
212,0.9819,-0.0444,0.0024
213,0.9814,-0.0718,-0.0291
214,1.0845,0.0161,0.1245
215,0.9722,0.0461,-0.0051
216,0.9431,-0.0540,-0.0469
217,1.0601,-0.0256,0.1030
218,0.9851,-0.0244,-0.0730
219,0.9829,0.0105,0.0200
220,1.0798,0.0449,-0.0312
221,0.9753,-0.1519,0.0242
222,1.0415,0.1340,-0.0200
223,1.0066,-0.1914,0.0862
224,1.0542,0.0991,-0.0176
225,0.9822,-0.0676,0.0466
226,1.0466,-0.0593,0.0393
227,1.0789,0.0747,0.0022
228,0.9644,-0.0974,0.0610
229,1.0562,0.0674,-0.1067
230,0.9724,-0.1047,0.0547
231,0.9927,0.0586,0.0085
232,0.9119,-0.0789,-0.1392
233,1.1130,0.0254,0.0190
234,1.0662,0.0078,-0.0369
235,0.9116,0.0581,-0.0432
236,1.1235,-0.1514,0.2383
237,0.8894,-0.0344,-0.1372
238,1.0544,-0.0210,-0.0771
239,1.1450,0.1433,0.1831
240,0.9258,-0.0022,-0.1389
241,0.9155,-0.1216,-0.0601
242,1.1287,-0.0095,0.1321
243,0.9617,0.1226,-0.1326
244,0.9443,-0.1331,-0.0847
245,1.1841,0.1292,0.0852
246,0.7937,-0.1011,-0.2583
247,1.1042,0.0330,0.1179
248,1.0767,0.0251,-0.0537
249,0.8748,-0.1497,-0.0977
250,1.2563,0.0027,0.0825
251,1.0071,0.1055,-0.0071
252,0.8989,-0.1011,-0.1460
253,1.0750,-0.0210,0.0725
254,1.0229,-0.0210,-0.0046
255,0.9810,-0.0215,-0.0857
256,1.1833,0.0867,0.1233
257,0.8774,-0.1892,-0.0554
258,0.9968,0.0532,-0.0176
259,1.0847,0.0452,-0.0557
260,0.9868,0.0757,-0.0034
261,1.0610,-0.0725,0.0000
262,0.9731,0.0020,-0.0452
263,1.0249,-0.1660,0.0461
264,1.1033,0.1606,0.0779
265,1.0190,-0.0581,-0.1570
266,0.9673,0.0618,0.0759
267,1.0007,-0.0947,-0.0874
268,1.0271,-0.0540,-0.0649
269,1.0493,0.1667,-0.0264
270,0.9011,-0.0603,0.0818
271,1.1062,0.0159,-0.0659
272,0.8684,0.0300,0.0847
273,0.9233,-0.1614,0.0210
274,1.2095,0.0576,-0.0813
275,1.0054,0.1575,0.0371
276,0.8677,-0.1929,-0.1418
277,1.1853,0.1536,-0.0457
278,0.9236,-0.1365,0.0435
279,0.9822,-0.0967,0.0034
280,1.2605,0.2051,-0.0386
281,0.8628,-0.1406,0.0886
282,1.0476,0.0208,0.0454
283,1.0203,-0.0054,0.0242
284,0.9722,-0.1384,0.0642
285,1.1138,0.0352,-0.0251
286,1.0437,0.2170,-0.0271
287,0.9031,-0.1243,0.0779
288,1.1050,-0.0459,-0.0222
289,1.0688,-0.0374,0.0889
290,1.0103,0.0569,0.0747
291,1.0903,-0.0874,-0.0298
292,1.0444,0.0334,0.0242
293,0.9729,-0.0232,0.0339
294,1.0525,0.0562,-0.0229
295,1.0664,0.0349,0.1245
296,0.8491,-0.2180,0.0391
297,1.0964,0.1562,0.0039
298,0.9807,-0.0476,-0.0303
299,1.0229,-0.0530,0.1565
300,1.0063,0.1492,-0.1687
301,0.8914,-0.1218,-0.0762
302,1.1479,-0.0979,0.0933
303,1.0681,0.1135,-0.1277
304,0.9661,-0.0012,-0.1155
305,1.1248,0.0125,-0.0176
306,0.9753,-0.0415,-0.0378
307,0.9460,-0.0388,-0.0322
308,1.1421,0.0154,0.1372
309,0.9810,-0.0864,-0.0608
310,0.9456,-0.0044,-0.1396
311,1.1206,0.0308,-0.0178
312,1.0024,0.0657,-0.0735
313,0.9312,-0.0408,-0.0564
314,1.0710,-0.0659,0.1423
315,1.0701,0.0193,-0.1428
316,0.9958,-0.0176,0.0911
317,1.1404,0.0513,0.1101
318,0.8882,-0.0955,-0.1624
319,1.0581,-0.0234,-0.0190
320,1.1472,0.0151,0.0242
321,1.0359,0.0752,-0.0388
322,0.9500,0.0144,-0.0032
323,0.9675,-0.1440,0.0308
324,1.0415,-0.0513,-0.0574
325,1.0552,0.0984,-0.0093
326,1.0583,0.0210,0.0549
327,0.9648,0.0090,-0.0432
328,0.9607,-0.1567,0.0830
329,1.0388,0.0908,-0.0354
330,1.0662,0.0059,-0.0605
331,1.0532,0.0193,0.0173
332,1.0024,-0.1128,0.0525
333,1.0474,0.0715,0.0527
334,1.0271,-0.0835,-0.0493
335,1.0327,0.1277,0.1514
336,0.9382,-0.1965,-0.0039
337,1.0610,0.0139,0.0432
338,1.0981,0.1501,-0.0244
339,0.8943,-0.1128,0.0356
340,1.0789,0.0068,-0.0986
341,0.8862,-0.0564,-0.0129
342,1.0054,-0.0730,-0.0322
343,1.2205,0.0918,0.0505
344,0.9978,0.0596,0.0435
345,0.9783,-0.2339,0.0300
346,1.1772,0.0977,0.0010
347,0.9265,-0.0674,-0.0349
348,1.0173,0.0271,0.0347
349,1.1140,0.0867,-0.0007
350,0.8972,-0.0901,0.0896
351,1.0515,-0.0581,-0.0444
352,1.1323,0.1287,0.0315
353,0.8806,-0.0928,0.0522
354,0.9883,-0.0056,0.0151
355,1.0925,-0.0369,-0.0256
356,1.0593,-0.0171,0.1228
357,1.0095,0.0911,-0.0361
358,1.0339,-0.0420,0.0210
359,1.0298,-0.0867,0.0217
360,1.0386,-0.0063,0.0168
361,1.1470,0.1833,0.1450
362,0.8599,-0.2195,-0.0259
363,1.0271,0.0215,-0.0361
364,0.9939,-0.0444,0.0415
365,1.0171,0.1082,-0.1274
366,0.9810,-0.1174,0.0125
367,1.0405,0.0830,-0.0212
368,0.8845,-0.1270,-0.0547
369,1.1248,0.0962,0.0630
370,0.9988,-0.0664,-0.0479
371,1.0376,0.0000,-0.0610
372,1.1519,0.0535,0.1108
373,0.8464,0.0366,0.0437
374,1.0249,-0.1013,-0.0735
375,1.0574,0.0391,0.0344
376,0.9839,0.0515,-0.0015
377,1.0574,-0.0256,0.0564
378,1.0720,0.0029,0.1116
379,0.8015,-0.1167,-0.0461
380,1.0671,0.0029,0.0737
381,1.1362,0.1174,0.0007
382,0.7664,-0.1111,-0.1265
383,1.1294,0.0959,0.0383
384,1.1138,-0.0042,-0.0547
385,0.8892,-0.0190,0.0520
386,1.0681,0.1191,-0.0266
387,0.9714,-0.2473,-0.0247
388,0.9988,0.0864,0.0222
389,0.9363,-0.0266,-0.0522
390,1.1528,0.0557,0.0352
391,0.9453,0.0034,-0.0212
392,0.8481,-0.0386,-0.0178
393,1.1492,-0.0061,0.0090
394,1.0564,0.0916,0.0071
395,0.8396,-0.0671,-0.0486
396,1.1440,0.1228,0.0688
397,0.9812,-0.1282,0.0664
398,0.9194,-0.0251,-0.1331
399,1.2019,0.0125,0.0994
400,1.0115,0.0181,0.0657
401,0.8745,0.0120,0.0022
402,1.0728,-0.0659,0.0032
403,1.0381,-0.0422,0.1528
404,0.9822,0.0723,0.0251
405,1.0173,-0.0667,0.0479
406,1.0820,0.0632,-0.0603
407,0.8423,-0.1555,0.1782
408,1.1863,0.1274,-0.1494
409,1.0076,-0.0264,-0.0374
410,0.9753,0.1558,-0.0720
411,0.9536,-0.2104,-0.0950
412,1.1658,0.1113,0.0259
413,0.8367,-0.1018,0.0366
414,1.1511,-0.0208,-0.1118
415,1.1746,0.1321,0.1306
416,0.8113,-0.1560,-0.0129
417,1.1052,-0.0315,0.0193
418,1.1316,0.1831,0.0525
419,0.8354,-0.3054,-0.0034
420,1.2283,0.2739,-0.0422
421,1.0076,0.0098,-0.0139
422,0.8403,-0.2056,0.0317
423,1.1462,0.1147,-0.0493
424,0.9526,-0.0649,0.0334
425,1.0730,-0.0681,0.0107
426,1.1831,0.1316,0.0850
427,0.9539,-0.1914,0.0625
428,1.0562,0.0833,-0.0073
429,1.0317,0.0078,0.0203
430,0.9233,-0.0576,0.0417
431,1.1128,0.0547,-0.0435
432,1.0469,-0.0464,0.0415
433,1.0300,0.0608,0.1367
434,0.9324,-0.0120,-0.0398
435,0.9331,-0.1030,-0.0093
436,1.0542,-0.0347,0.0522
437,1.0347,0.0935,-0.1047
438,1.0728,0.0220,0.0298
439,1.0552,-0.0188,0.1221
440,0.8823,-0.1091,-0.0813
441,1.0476,0.0366,0.0137
442,1.1919,0.0933,0.0701
443,0.9016,-0.0344,0.0105
444,1.0076,0.0249,0.0857
445,1.0769,-0.1470,0.0283
446,1.0435,0.0750,0.0645
447,0.9087,0.0776,0.0222
448,1.0854,-0.0986,0.1174
449,1.0193,0.0237,-0.0676
450,0.8940,-0.1194,-0.0288
451,1.2595,0.0840,0.1287
452,1.0388,0.0112,-0.0466
453,0.8894,-0.0881,-0.0139
454,1.1724,-0.0596,0.1851
455,1.0457,0.0967,-0.1475
456,0.8718,-0.1780,0.0894
457,1.2563,0.1904,0.1084
458,0.8123,-0.2058,-0.1282
459,1.0815,0.1182,0.0010
460,1.0894,-0.0352,0.1792
461,0.9136,0.0696,-0.0908
462,0.9771,-0.2097,0.0002
463,1.2234,0.1772,0.0830
464,0.8914,-0.0308,-0.1267
465,1.0767,0.0085,0.1050
466,1.0701,-0.0659,0.0725
467,0.9138,0.0042,-0.1177
468,1.0535,-0.0635,0.1099
469,1.2144,0.1042,0.0142
470,0.7998,-0.1169,-0.0059
471,1.1069,0.0906,0.0820
472,1.0203,-0.0437,0.1082
473,0.9246,-0.0098,-0.0972
474,1.0464,-0.1003,0.1267
475,1.1033,0.1499,0.0012
476,0.9050,-0.0715,0.0171
477,1.0710,-0.0657,-0.0757
478,1.0437,0.0605,0.0247
479,0.9858,-0.0808,-0.1145
480,1.0747,0.0112,0.0269
481,1.0593,0.0217,-0.0283
482,0.9900,-0.2048,-0.0303
483,1.1382,0.1873,0.0085
484,0.9409,-0.0649,-0.1033
485,0.9976,-0.1013,0.0977
486,1.1111,0.1501,-0.0122
487,0.8521,-0.1799,-0.0530
488,1.0876,0.1614,0.0671
489,0.9705,-0.1045,-0.0674
490,0.9614,-0.1162,-0.0981
491,1.1182,0.1990,0.0056
492,0.9490,-0.1599,-0.0366
493,1.0327,0.0715,-0.1340
494,1.0457,0.0334,-0.0344
495,0.8826,-0.1765,-0.0322
496,1.1763,0.2783,-0.1086
497,0.9126,-0.2583,-0.0005
498,1.0005,0.1340,-0.0164
499,1.0261,-0.0442,0.0764
500,0.9412,-0.0254,-0.0620
501,1.0359,-0.0400,-0.0471
502,1.0874,0.0522,-0.0967
503,1.0046,-0.0457,0.0325
504,1.0125,0.1304,-0.1021
505,0.9460,-0.2556,-0.0833
506,1.1548,0.1775,-0.0317
507,1.0085,-0.1501,0.0259
508,1.0837,0.0469,0.0112
509,0.9988,0.0193,-0.0728
510,0.9106,-0.1516,-0.0676
511,1.0913,0.0283,0.0874
512,1.0344,0.0605,-0.0298
513,0.9116,-0.0845,-0.0073
514,1.0435,0.1384,0.0410
515,0.8875,-0.1211,0.0178
516,1.0154,-0.0054,-0.0322
517,1.1658,0.0686,0.0828
518,0.9077,0.0002,-0.1274
519,0.9897,-0.0242,0.0762
520,1.0759,0.0249,0.0000
521,0.9907,-0.1353,-0.0471
522,1.1140,0.2915,-0.0076
523,0.9438,-0.2014,0.0327
524,0.9929,0.0796,0.0671
525,0.9685,-0.1270,0.0208
526,1.0662,-0.0593,0.0732
527,1.1030,0.2112,0.0522
528,0.8667,-0.1638,-0.0151
529,1.1541,-0.0559,-0.0364
530,1.1079,0.1279,-0.0076
531,0.9155,-0.1296,0.0298
532,1.1157,0.1079,-0.1042
533,0.9939,-0.0415,0.0063
534,0.9321,-0.1304,-0.1394
535,1.1411,0.2229,-0.0200
536,1.0164,-0.1572,0.0586
537,0.8826,-0.0815,-0.0232
538,1.0933,0.1187,0.0396
539,0.9548,-0.1560,0.0781
540,1.0903,0.1013,-0.1416
541,0.9158,0.0078,-0.0588
542,0.9929,-0.0862,0.0154
543,1.0857,0.0452,-0.1174
544,0.9585,0.0750,-0.1365
545,1.0259,0.0066,-0.0598
546,0.9626,-0.0430,-0.0886
547,0.9897,-0.0759,-0.0110
548,1.0493,0.0378,-0.0676
549,1.0662,-0.0049,0.0452
550,0.9734,0.0469,0.0225
551,1.0046,-0.1245,-0.0840
552,1.0095,0.0852,0.1321
553,1.0249,-0.0393,0.0393
554,0.9136,0.0205,-0.0945
555,1.1255,-0.0103,0.1033
556,0.9302,0.0972,0.0251
557,0.9441,-0.0366,-0.1589
558,1.0017,-0.0840,0.1682
559,1.0630,-0.0610,-0.0193
560,1.0376,0.0625,0.0574
561,0.9897,-0.0203,-0.0601
562,0.9497,0.0276,-0.0901
563,0.9756,-0.0576,0.0037
564,1.0310,-0.0095,0.0591
565,1.0552,-0.0107,-0.0752
566,1.0229,0.0559,0.0950
567,0.9067,-0.0654,0.1135
568,0.9470,0.0347,-0.0532
569,1.0425,-0.0593,0.0454
570,0.9771,0.0889,0.0066
571,1.0532,-0.0034,0.0652
572,0.9578,0.0249,-0.1428
573,1.0522,-0.0488,0.1147
574,1.0581,-0.1091,0.0432
575,1.1531,0.1379,0.0068
576,0.9722,-0.0632,0.1069
577,0.9976,-0.0598,-0.0369
578,1.0903,0.0010,0.0430
579,0.9998,0.0103,0.0771
580,1.0190,-0.0632,-0.0193
581,1.0962,0.0701,0.0911
582,0.8376,-0.1050,0.0293
583,0.9812,-0.0193,-0.0813
584,1.1489,0.0442,0.0278
585,0.9929,-0.0784,-0.1348
586,1.1235,-0.0273,0.0051
587,1.1226,0.1067,0.0789
588,0.8474,-0.1726,-0.1140
589,1.0720,0.0684,-0.1169
590,1.1851,-0.0654,0.1758
591,0.8911,0.0486,-0.1125
592,0.9604,-0.0464,-0.0615
593,1.0212,-0.0488,0.0444
594,0.9734,-0.0999,-0.0029
595,1.0044,0.2234,-0.0312
596,1.0532,-0.1306,0.1040
597,0.9341,0.0916,-0.1162
598,0.9109,-0.1814,0.0227
599,1.1082,0.1807,-0.0315
600,1.0229,-0.1677,0.0422
601,1.0493,0.0837,-0.0420
602,1.0034,-0.0996,-0.0486
603,1.1294,0.1794,0.0049
604,0.8794,-0.1394,0.0146
605,0.9773,0.1216,-0.0415
606,0.9705,-0.1477,0.1033
607,1.0034,0.0376,0.0144
608,0.9529,0.0354,0.0452
609,1.1323,-0.0686,0.1785
610,0.9490,0.1125,-0.0239
611,0.8953,-0.0984,-0.0745
612,1.1130,0.0259,0.1865
613,1.0144,-0.0271,-0.0825
614,0.9666,-0.0134,-0.0137
615,1.1677,0.0239,0.1658
616,0.8799,-0.0146,-0.0569
617,1.0583,-0.1653,0.0300
618,1.1772,0.1594,0.1150
619,0.8962,-0.0513,-0.0640
620,1.0291,-0.0024,-0.0027
621,1.1265,0.0142,0.2124
622,0.7827,0.0344,-0.0999
623,1.0601,-0.0779,0.0315
624,1.1011,0.0723,0.2266
625,0.7751,-0.0840,-0.1743
626,1.1326,-0.0063,0.0740
627,1.2351,0.0815,0.1433
628,0.7515,-0.1045,-0.1697
629,1.1912,0.0439,0.1482
630,1.1189,0.0596,0.0366
631,0.8569,-0.1250,-0.0967
632,1.2036,0.1458,0.2480
633,1.0066,-0.0593,0.0215
634,0.8501,-0.0725,-0.0061
635,1.1140,0.0435,0.0964
636,1.0203,-0.0439,0.0076
637,1.0474,-0.0078,0.0752
638,1.0144,0.0850,0.0583
639,1.0415,-0.1968,0.0857
640,1.0562,0.1394,-0.0198
641,1.0251,-0.1174,-0.0684
642,1.2107,0.1108,0.0374
643,0.9949,0.0220,0.0608
644,0.9517,-0.2380,0.0635
645,1.2390,0.1675,-0.0801
646,0.9204,-0.0193,0.0139
647,1.0571,-0.1375,0.1099
648,1.0552,0.1313,-0.0930
649,0.9399,-0.2437,0.0071
650,1.0730,0.2087,0.0088
651,0.9753,0.0344,-0.1069
652,0.9028,-0.1428,0.0144
653,1.0747,0.0642,-0.0640
654,1.0259,-0.0452,0.0791
655,1.0806,-0.0300,-0.0393
656,1.0630,0.1055,-0.1113
657,0.9197,-0.0664,0.0378
658,1.0151,0.0603,0.0093
659,0.9724,-0.0188,-0.0513
660,1.0144,-0.0659,0.1599
661,1.0310,0.0630,-0.0024
662,1.0554,-0.0720,0.0234
663,0.9773,0.0388,0.0352
664,0.9272,-0.0447,0.0071
665,1.1218,0.0933,0.0298
666,0.8862,-0.0535,-0.1179
667,1.0508,-0.0271,0.1465
668,1.1482,0.0432,0.0662
669,0.8755,-0.0786,-0.1516
670,1.1042,-0.0562,0.0879
671,1.2068,0.0571,0.1465
672,0.7886,-0.0461,-0.1765
673,1.0923,-0.0403,0.0874
674,1.0669,0.0625,0.1675
675,0.7632,-0.0059,-0.1543
676,1.1375,-0.0886,0.1765
677,1.0515,0.2319,0.0457
678,0.7341,-0.1936,-0.1128
679,1.2026,0.1377,0.2310
680,1.0044,-0.0974,0.0452
681,0.8452,-0.0303,-0.0679
682,1.2905,0.0396,0.1245
683,1.0229,0.0930,0.0366
684,0.8726,-0.1736,-0.1030
685,1.3142,0.0767,0.1414
686,0.9067,-0.0103,0.0232
687,0.9607,-0.0247,-0.0601
688,1.1492,-0.0471,0.1873
689,0.9565,0.1074,-0.1047
690,0.8960,-0.2263,0.0256
691,1.2937,0.1663,0.1929
692,0.8228,-0.0349,-0.1179
693,0.9526,-0.0898,0.0085
694,1.2195,0.0500,0.0896
695,0.9136,-0.0073,-0.1091
696,1.0369,-0.0806,0.1516
697,1.1101,0.1572,-0.0105
698,0.8052,-0.2754,-0.0876
699,1.1587,0.1353,0.0613
700,1.1372,0.0386,-0.0627
701,0.8796,-0.0115,-0.0017
702,1.0417,-0.0186,0.1267
703,0.8735,-0.0798,-0.1223
704,1.0642,-0.0625,0.0544
705,1.0825,0.1697,-0.0063
706,0.9575,-0.0925,-0.1028
707,1.0994,0.1123,0.0623
708,0.9373,-0.1724,-0.0725
709,1.0115,0.0400,-0.0088
710,1.1448,0.0176,0.1277
711,0.9500,-0.0740,-0.0693
712,1.1274,0.0518,-0.0166
713,1.0132,0.0144,0.0762
714,0.9175,-0.1421,-0.1257
715,1.0525,-0.0159,-0.0601
716,1.0776,0.0452,0.0212
717,0.9207,0.0244,-0.1157
718,1.0269,-0.0085,0.0090
719,0.9282,-0.0500,0.1172
720,0.9592,-0.0647,-0.2207
721,1.0806,0.0161,-0.0232
722,1.1929,-0.0427,0.0354
723,0.9060,0.0601,-0.1091
724,1.0200,-0.0315,-0.0298
725,0.9861,0.0015,-0.0964
726,0.9636,-0.0222,-0.0427
727,1.1128,0.0818,-0.0566
728,1.0388,-0.1633,0.2292
729,0.9341,0.1033,-0.0979
730,0.9490,-0.1897,-0.0894
731,1.1199,0.2271,0.0403
732,0.9214,-0.0723,-0.0085
733,0.9841,0.0676,-0.0615
734,1.0574,-0.0215,-0.0291
735,0.9224,-0.1323,0.0750
736,1.1755,0.1663,-0.0020
737,0.9958,0.0103,0.0400
738,0.9790,-0.2217,0.1040
739,1.1226,0.1731,-0.0676
740,0.8474,-0.1841,-0.1353
741,1.2400,0.0520,0.1455
742,0.9636,0.1504,-0.0583
743,0.8179,-0.0581,-0.0898
744,1.1296,-0.0950,0.0168
745,0.9978,0.0522,0.0833
746,0.9551,-0.1482,-0.0583
747,1.2603,0.1433,0.1252
748,0.8982,-0.0159,-0.1316
749,0.8708,-0.1711,0.0122
750,1.2886,0.1460,0.0503
751,0.8855,-0.0686,-0.1362
752,1.0786,-0.0645,0.1040
753,1.1245,0.1204,-0.0493
754,0.8542,-0.1506,-0.0117
755,1.0349,0.0686,-0.0027
756,1.1548,-0.0583,0.1477
757,0.8735,0.0452,-0.1477
758,0.9871,-0.0439,0.0208
759,1.0776,-0.0220,-0.0527
760,0.9031,0.0591,-0.0378
761,1.0750,-0.0918,-0.0703
762,1.1519,0.0732,-0.0059
763,0.9546,-0.0073,-0.0378
764,0.9265,-0.1118,-0.0410
765,1.1997,0.0613,0.0386
766,0.9224,0.0015,-0.0417
767,1.0300,-0.1604,-0.0332
768,1.0935,0.2852,-0.0337
769,0.8228,-0.3005,-0.1028
770,1.0847,0.2144,0.0229
771,1.0356,-0.0828,0.0842
772,0.8667,-0.0320,-0.0205
773,1.0750,-0.0139,-0.0586
774,1.0366,-0.0051,0.0508
775,1.0076,0.0693,-0.0237
776,1.0125,-0.0371,-0.0740
777,1.0728,-0.0400,0.1675
778,0.9741,0.0132,-0.0647
779,1.0415,-0.0391,0.1179
780,1.0876,0.0320,-0.0112
781,0.9243,-0.0615,0.0295
782,1.0464,0.0632,0.0869
783,0.9910,-0.0022,0.0234
784,0.9363,-0.0903,0.0122
785,1.0161,-0.0068,0.0002
786,1.1091,0.0601,0.0720
787,0.9685,-0.0400,-0.0276
788,1.0435,0.0815,0.0369
789,0.9368,-0.1702,-0.0132
790,1.0522,0.1035,-0.0498
791,1.0054,-0.0200,-0.0073
792,1.0981,-0.0796,0.1050
793,1.0730,0.1704,0.0149
794,0.8669,-0.0498,-0.0579
795,1.0974,-0.1357,0.2583
796,0.9731,0.1433,0.0815
797,0.8765,-0.2053,0.0061
798,1.2810,0.1321,0.1340
799,0.9028,0.1863,0.0913
800,0.7537,-0.2229,-0.1870
801,1.3013,0.0847,0.1782
802,0.9548,-0.0242,0.0085
803,0.9158,-0.0879,-0.0034
804,1.3708,0.1426,0.1106
805,0.7820,-0.1992,0.0337
806,1.0271,-0.0183,-0.1077
807,1.2349,0.0720,0.0269
808,0.8755,-0.0571,-0.0471
809,0.9233,0.0073,-0.1152
810,1.2390,0.0557,0.2146
811,0.8726,-0.0720,-0.0171
812,0.9294,-0.0273,-0.0005
813,1.2302,0.0332,0.0762
814,0.8540,0.0254,-0.0798
815,0.9851,-0.0334,-0.1140
816,1.2222,0.0544,0.1060
817,0.9939,0.0903,-0.0225
818,0.9087,-0.2068,0.0171
819,1.2292,0.1069,0.1482
820,0.9517,-0.1343,0.0361
821,0.9626,0.0659,-0.0769
822,1.1560,0.0093,0.1345
823,0.9041,-0.0718,-0.0125
824,0.9226,-0.0640,-0.1382
825,1.1179,0.1558,0.0115
826,1.0134,-0.2139,-0.0667
827,0.9978,0.1565,-0.0469
828,1.0710,-0.1323,0.1160
829,1.0134,0.0034,0.0605
830,0.9946,0.0417,-0.1511
831,1.0632,-0.0781,0.0706
832,1.1147,0.0308,-0.0259
833,0.9646,0.0625,-0.0737
834,0.9966,-0.1763,0.0969
835,1.1345,0.1221,-0.1108
836,0.9136,-0.0955,-0.0259
837,1.1001,0.0642,0.0613
838,1.0105,-0.0264,-0.0356
839,0.9106,-0.0059,-0.0605
840,1.0652,-0.0706,0.0410
841,1.0288,0.0396,0.0200
842,0.9963,0.0159,-0.0764
843,0.9988,-0.0356,-0.0308
844,1.0854,-0.0232,-0.0059
845,0.9995,0.0427,-0.0090
846,1.0837,-0.0369,0.0708
847,1.0154,0.0471,-0.0415
848,0.9558,-0.1272,0.0117
849,1.0310,0.0708,-0.0615
850,0.9917,-0.0591,0.0088
851,1.0037,0.0913,-0.0100
852,0.8950,-0.0298,-0.0120
853,1.0366,0.0203,0.0371
854,1.0515,-0.0813,0.1514
855,0.9773,0.0747,-0.1113
856,1.0027,-0.0833,0.0034
857,1.0679,-0.0291,0.0081
858,1.0271,0.0449,-0.0420
859,1.0200,-0.0317,0.0334
860,1.1023,0.1001,-0.0696
861,0.9451,-0.2161,-0.0500
862,1.0339,0.0828,-0.0081
863,1.0298,-0.0588,0.0701
864,1.0073,0.1101,0.0830
865,0.9636,-0.0745,0.0247
866,0.9937,-0.0161,0.0239
867,1.1560,-0.0576,0.0847
868,0.9976,0.1548,-0.0676
869,0.9949,-0.2239,0.0969
870,1.1343,0.1992,-0.0515
871,0.8149,-0.1023,-0.1113
872,1.1558,-0.0298,-0.0334
873,1.1384,0.0317,0.0500
874,0.9011,-0.0383,-0.1045
875,1.0757,-0.1414,0.1333
876,1.0376,0.2444,-0.1072
877,0.7983,-0.2361,-0.0205
878,1.2283,0.1499,-0.0288
879,1.0056,-0.1169,0.0837
880,0.9402,0.1421,-0.0903
881,1.0759,-0.1074,-0.0264
882,1.0339,0.1462,-0.1055
883,0.8530,-0.1660,0.0186
884,1.2000,0.1772,-0.0090
885,1.0474,-0.2212,-0.0569
886,1.0464,0.1436,0.0176
887,1.0024,-0.1030,0.0427
888,0.9958,0.0151,-0.0437
889,0.9666,-0.1873,-0.0122
890,1.1284,0.1438,-0.0798
891,1.0857,0.1077,0.0554
892,0.9041,-0.0898,0.1423
893,0.9822,-0.0984,-0.0317
894,1.0415,-0.0515,-0.0686
895,1.0593,0.0842,0.1379
896,0.9907,0.1033,-0.1252
897,1.0288,-0.1650,-0.0813
898,1.0583,0.0940,0.0232
899,1.0200,-0.0366,0.0056
900,1.0535,0.0364,0.0042
901,1.0134,-0.1013,0.0093
902,0.9058,-0.0256,-0.0117
903,1.0640,0.0256,-0.1125
904,1.0859,-0.0066,0.0745
905,0.9233,0.0254,-0.0356
906,0.9314,0.0342,-0.0339
907,1.0923,-0.1028,0.1125
908,0.9128,0.0676,0.0081
909,0.9517,-0.1306,-0.0466
910,1.2351,0.1201,0.1104
911,0.9822,-0.0188,-0.0701
912,0.9055,-0.0950,-0.0764
913,1.2351,0.0110,0.0698
914,1.0259,0.0579,0.0083
915,0.9517,-0.0688,0.0952
916,1.1052,0.1426,0.0806
917,0.9272,-0.3062,0.0244
918,0.9858,0.1833,0.0659
919,1.0269,-0.1531,0.0193
920,1.0935,0.1313,0.0596
921,1.0054,0.0320,-0.0447
922,0.8716,-0.1433,0.0674
923,1.1794,-0.0491,0.0034
924,0.9646,0.1455,-0.0491
925,1.0466,-0.1003,0.0083
926,1.1208,0.1597,0.0017
927,0.9438,-0.2527,0.0432
928,1.0630,0.0405,0.0173
929,1.1274,0.1841,-0.0405
930,0.9282,-0.1343,0.0596
931,1.0320,-0.0686,0.0750
932,1.0420,0.0542,-0.0469
933,0.9731,-0.1042,0.1362
934,1.0591,0.1697,-0.0505
935,0.9490,-0.1057,-0.0195
936,1.0525,0.0483,-0.0044
937,0.9890,-0.0710,0.0547
938,1.0623,0.0178,-0.0911
939,1.0349,-0.0107,0.0979
940,1.0037,-0.0374,-0.0276
941,1.0269,-0.0833,-0.1123
942,1.0964,0.1470,0.0422
943,0.9089,-0.1233,-0.1113
944,1.1023,0.1060,-0.0393
945,0.9829,-0.0830,0.0168
946,0.9500,-0.1001,0.0488
947,1.1099,0.1912,-0.0017
948,0.9099,-0.1477,-0.0315
949,0.9802,0.0225,-0.0962
950,1.0828,-0.0073,0.0347
951,1.0081,0.0398,0.0068
952,0.9438,0.0261,-0.0745
953,1.0828,0.0042,0.0078
954,1.0347,-0.1401,0.0569
955,0.9644,0.0227,0.0532
956,1.1150,-0.0525,0.0825
957,0.9548,0.1228,-0.1313
958,0.9578,-0.0627,-0.0173
959,1.1021,-0.0244,0.0449
960,1.0259,0.0815,-0.0588
961,0.9146,-0.1296,0.0723
962,1.1072,0.0044,-0.0107
963,0.9644,0.0613,-0.0596
964,0.9431,-0.0676,0.0854
965,1.1050,0.0500,-0.0439
966,0.9705,-0.0596,-0.0916
967,1.0488,-0.1382,0.0891
968,1.1550,0.1843,0.0381
969,0.9314,-0.0654,-0.0400
970,0.9607,-0.0876,-0.0369
971,1.1782,0.0247,-0.0168
972,1.0203,0.0474,0.0225
973,0.9546,-0.0015,-0.0149
974,1.0317,-0.0356,-0.0408
975,0.9724,-0.1116,0.0305
976,1.0513,0.1580,-0.0710
977,1.0151,-0.1038,0.0010
978,1.0496,0.1309,-0.1116
979,0.8611,-0.2410,-0.1033
980,1.1958,0.1238,0.0044
981,1.0991,0.0088,-0.0576
982,0.9509,-0.0134,-0.0112
983,1.0632,0.0500,0.0120
984,0.8757,-0.0840,-0.0508
985,1.0593,-0.0652,0.0166
986,1.1414,0.1204,0.0095
987,0.8638,-0.0835,-0.0198
988,1.0874,0.0742,0.0024
989,0.9282,-0.0061,-0.0793
990,0.9438,-0.0295,0.0256
991,1.1248,-0.0364,0.0420
992,1.0728,0.0410,-0.0488
993,0.9136,-0.0239,-0.0266
994,1.1772,-0.0713,0.0325
995,1.0632,0.0413,-0.0037
996,0.8979,0.0027,0.0168
997,1.0435,0.0232,-0.0225
998,1.0181,-0.0532,0.0186
999,0.8777,0.0071,-0.0020
Rate 803, overflows 0
